Area,Item,Year,Value,Percent
Brazil,Agricultural land,1961,18.78,0.1878
Brazil,Agricultural land,1962,19.22,0.1922
Brazil,Agricultural land,1963,19.67,0.1967
Brazil,Agricultural land,1964,20.11,0.2011
Brazil,Agricultural land,1965,20.55,0.2055
Brazil,Agricultural land,1966,21,0.21
Brazil,Agricultural land,1967,21.44,0.2144
Brazil,Agricultural land,1968,21.88,0.2188
Brazil,Agricultural land,1969,22.33,0.2233
Brazil,Agricultural land,1970,22.77,0.2277
Brazil,Agricultural land,1971,23.19,0.2319
Brazil,Agricultural land,1972,23.61,0.2361
Brazil,Agricultural land,1973,24.03,0.2403
Brazil,Agricultural land,1974,24.45,0.2445
Brazil,Agricultural land,1975,24.87,0.2487
Brazil,Agricultural land,1976,25.46,0.2546
Brazil,Agricultural land,1977,26.05,0.2605
Brazil,Agricultural land,1978,26.64,0.2664
Brazil,Agricultural land,1979,27.22,0.2722
Brazil,Agricultural land,1980,27.82,0.2782
Brazil,Agricultural land,1981,28.05,0.2805
Brazil,Agricultural land,1982,28.27,0.2827
Brazil,Agricultural land,1983,28.5,0.285
Brazil,Agricultural land,1984,28.73,0.2873
Brazil,Agricultural land,1985,28.95,0.2895
Brazil,Agricultural land,1986,28.78,0.2878
Brazil,Agricultural land,1987,28.61,0.2861
Brazil,Agricultural land,1988,28.44,0.2844
Brazil,Agricultural land,1989,28.27,0.2827
Brazil,Agricultural land,1990,28.1,0.281
Brazil,Agricultural land,1991,27.93,0.2793
Brazil,Agricultural land,1992,27.76,0.2776
Brazil,Agricultural land,1993,27.59,0.2759
Brazil,Agricultural land,1994,27.42,0.2742
Brazil,Agricultural land,1995,27.26,0.2726
Brazil,Agricultural land,1996,27.27,0.2727
Brazil,Agricultural land,1997,27.28,0.2728
Brazil,Agricultural land,1998,27.29,0.2729
Brazil,Agricultural land,1999,27.31,0.2731
Brazil,Agricultural land,2000,27.32,0.2732
Brazil,Agricultural land,2001,27.33,0.2733
Brazil,Agricultural land,2002,27.34,0.2734
Brazil,Agricultural land,2003,27.35,0.2735
Brazil,Agricultural land,2004,27.37,0.2737
Brazil,Agricultural land,2005,27.38,0.2738
Brazil,Agricultural land,2006,27.39,0.2739
Brazil,Agricultural land,2007,27.48,0.2748
Brazil,Agricultural land,2008,27.57,0.2757
Brazil,Agricultural land,2009,27.65,0.2765
Brazil,Agricultural land,2010,27.74,0.2774
Brazil,Agricultural land,2011,27.82,0.2782
Brazil,Agricultural land,2012,27.91,0.2791
Brazil,Agricultural land,2013,28,0.28
Brazil,Agricultural land,2014,28.08,0.2808
Brazil,Agricultural land,2015,28.17,0.2817
Brazil,Agricultural land,2016,28.25,0.2825
Brazil,Agricultural land,2017,28.34,0.2834
Brazil,Agricultural land,2018,28.34,0.2834
Brazil,Agricultural land,2019,28.34,0.2834
Brazil,Arable land,1961,15.05,0.1505
Brazil,Arable land,1962,15.04,0.1504
Brazil,Arable land,1963,15.02,0.1502
Brazil,Arable land,1964,15,0.15
Brazil,Arable land,1965,14.99,0.1499
Brazil,Arable land,1966,14.97,0.1497
Brazil,Arable land,1967,14.96,0.1496
Brazil,Arable land,1968,14.94,0.1494
Brazil,Arable land,1969,14.93,0.1493
Brazil,Arable land,1970,14.82,0.1482
Brazil,Arable land,1971,15.13,0.1513
Brazil,Arable land,1972,15.43,0.1543
Brazil,Arable land,1973,15.72,0.1572
Brazil,Arable land,1974,16,0.16
Brazil,Arable land,1975,16.27,0.1627
Brazil,Arable land,1976,17.19,0.1719
Brazil,Arable land,1977,18.06,0.1806
Brazil,Arable land,1978,18.89,0.1889
Brazil,Arable land,1979,19.69,0.1969
Brazil,Arable land,1980,20.45,0.2045
Brazil,Arable land,1981,20.71,0.2071
Brazil,Arable land,1982,20.96,0.2096
Brazil,Arable land,1983,21.22,0.2122
Brazil,Arable land,1984,21.46,0.2146
Brazil,Arable land,1985,21.86,0.2186
Brazil,Arable land,1986,21.53,0.2153
Brazil,Arable land,1987,21.19,0.2119
Brazil,Arable land,1988,20.85,0.2085
Brazil,Arable land,1989,20.5,0.205
Brazil,Arable land,1990,20.15,0.2015
Brazil,Arable land,1991,19.8,0.198
Brazil,Arable land,1992,19.44,0.1944
Brazil,Arable land,1993,19.08,0.1908
Brazil,Arable land,1994,18.71,0.1871
Brazil,Arable land,1995,18.68,0.1868
Brazil,Arable land,1996,18.93,0.1893
Brazil,Arable land,1997,19.17,0.1917
Brazil,Arable land,1998,19.42,0.1942
Brazil,Arable land,1999,19.66,0.1966
Brazil,Arable land,2000,19.91,0.1991
Brazil,Arable land,2001,20.15,0.2015
Brazil,Arable land,2002,20.39,0.2039
Brazil,Arable land,2003,20.64,0.2064
Brazil,Arable land,2004,20.88,0.2088
Brazil,Arable land,2005,21.12,0.2112
Brazil,Arable land,2006,21.36,0.2136
Brazil,Arable land,2007,21.57,0.2157
Brazil,Arable land,2008,21.77,0.2177
Brazil,Arable land,2009,21.97,0.2197
Brazil,Arable land,2010,22.17,0.2217
Brazil,Arable land,2011,22.37,0.2237
Brazil,Arable land,2012,22.57,0.2257
Brazil,Arable land,2013,22.77,0.2277
Brazil,Arable land,2014,22.96,0.2296
Brazil,Arable land,2015,23.16,0.2316
Brazil,Arable land,2016,23.35,0.2335
Brazil,Arable land,2017,23.54,0.2354
Brazil,Arable land,2018,23.54,0.2354
Brazil,Arable land,2019,23.54,0.2354
Brazil,Cropland,1961,20.03,0.2003
Brazil,Cropland,1962,19.9,0.199
Brazil,Cropland,1963,19.77,0.1977
Brazil,Cropland,1964,19.65,0.1965
Brazil,Cropland,1965,19.53,0.1953
Brazil,Cropland,1966,19.42,0.1942
Brazil,Cropland,1967,19.31,0.1931
Brazil,Cropland,1968,19.21,0.1921
Brazil,Cropland,1969,19.11,0.1911
Brazil,Cropland,1970,19.01,0.1901
Brazil,Cropland,1971,19.29,0.1929
Brazil,Cropland,1972,19.56,0.1956
Brazil,Cropland,1973,19.82,0.1982
Brazil,Cropland,1974,20.06,0.2006
Brazil,Cropland,1975,20.31,0.2031
Brazil,Cropland,1976,21.32,0.2132
Brazil,Cropland,1977,22.29,0.2229
Brazil,Cropland,1978,23.22,0.2322
Brazil,Cropland,1979,24.11,0.2411
Brazil,Cropland,1980,24.95,0.2495
Brazil,Cropland,1981,25.16,0.2516
Brazil,Cropland,1982,25.36,0.2536
Brazil,Cropland,1983,25.56,0.2556
Brazil,Cropland,1984,25.76,0.2576
Brazil,Cropland,1985,25.95,0.2595
Brazil,Cropland,1986,25.58,0.2558
Brazil,Cropland,1987,25.2,0.252
Brazil,Cropland,1988,24.82,0.2482
Brazil,Cropland,1989,24.43,0.2443
Brazil,Cropland,1990,24.03,0.2403
Brazil,Cropland,1991,23.64,0.2364
Brazil,Cropland,1992,23.23,0.2323
Brazil,Cropland,1993,22.82,0.2282
Brazil,Cropland,1994,22.41,0.2241
Brazil,Cropland,1995,21.99,0.2199
Brazil,Cropland,1996,22.4,0.224
Brazil,Cropland,1997,22.81,0.2281
Brazil,Cropland,1998,23.22,0.2322
Brazil,Cropland,1999,23.63,0.2363
Brazil,Cropland,2000,24.03,0.2403
Brazil,Cropland,2001,24.44,0.2444
Brazil,Cropland,2002,24.84,0.2484
Brazil,Cropland,2003,25.25,0.2525
Brazil,Cropland,2004,25.65,0.2565
Brazil,Cropland,2005,26.06,0.2606
Brazil,Cropland,2006,26.47,0.2647
Brazil,Cropland,2007,26.5,0.265
Brazil,Cropland,2008,26.53,0.2653
Brazil,Cropland,2009,26.56,0.2656
Brazil,Cropland,2010,26.6,0.266
Brazil,Cropland,2011,26.63,0.2663
Brazil,Cropland,2012,26.66,0.2666
Brazil,Cropland,2013,26.69,0.2669
Brazil,Cropland,2014,26.72,0.2672
Brazil,Cropland,2015,26.75,0.2675
Brazil,Cropland,2016,26.78,0.2678
Brazil,Cropland,2017,26.81,0.2681
Brazil,Cropland,2018,26.81,0.2681
Brazil,Cropland,2019,26.81,0.2681
Brazil,Cropland,1961,3.76,0.0376
Brazil,Cropland,1962,3.83,0.0383
Brazil,Cropland,1963,3.89,0.0389
Brazil,Cropland,1964,3.95,0.0395
Brazil,Cropland,1965,4.01,0.0401
Brazil,Cropland,1966,4.08,0.0408
Brazil,Cropland,1967,4.14,0.0414
Brazil,Cropland,1968,4.2,0.042
Brazil,Cropland,1969,4.27,0.0427
Brazil,Cropland,1970,4.33,0.0433
Brazil,Cropland,1971,4.47,0.0447
Brazil,Cropland,1972,4.62,0.0462
Brazil,Cropland,1973,4.76,0.0476
Brazil,Cropland,1974,4.91,0.0491
Brazil,Cropland,1975,5.05,0.0505
Brazil,Cropland,1976,5.43,0.0543
Brazil,Cropland,1977,5.81,0.0581
Brazil,Cropland,1978,6.18,0.0618
Brazil,Cropland,1979,6.56,0.0656
Brazil,Cropland,1980,6.94,0.0694
Brazil,Cropland,1981,7.06,0.0706
Brazil,Cropland,1982,7.17,0.0717
Brazil,Cropland,1983,7.29,0.0729
Brazil,Cropland,1984,7.4,0.074
Brazil,Cropland,1985,7.51,0.0751
Brazil,Cropland,1986,7.36,0.0736
Brazil,Cropland,1987,7.21,0.0721
Brazil,Cropland,1988,7.06,0.0706
Brazil,Cropland,1989,6.91,0.0691
Brazil,Cropland,1990,6.75,0.0675
Brazil,Cropland,1991,6.6,0.066
Brazil,Cropland,1992,6.45,0.0645
Brazil,Cropland,1993,6.3,0.063
Brazil,Cropland,1994,6.15,0.0615
Brazil,Cropland,1995,5.99,0.0599
Brazil,Cropland,1996,6.11,0.0611
Brazil,Cropland,1997,6.22,0.0622
Brazil,Cropland,1998,6.34,0.0634
Brazil,Cropland,1999,6.45,0.0645
Brazil,Cropland,2000,6.56,0.0656
Brazil,Cropland,2001,6.68,0.0668
Brazil,Cropland,2002,6.79,0.0679
Brazil,Cropland,2003,6.91,0.0691
Brazil,Cropland,2004,7.02,0.0702
Brazil,Cropland,2005,7.13,0.0713
Brazil,Cropland,2006,7.25,0.0725
Brazil,Cropland,2007,7.28,0.0728
Brazil,Cropland,2008,7.31,0.0731
Brazil,Cropland,2009,7.35,0.0735
Brazil,Cropland,2010,7.38,0.0738
Brazil,Cropland,2011,7.41,0.0741
Brazil,Cropland,2012,7.44,0.0744
Brazil,Cropland,2013,7.47,0.0747
Brazil,Cropland,2014,7.5,0.075
Brazil,Cropland,2015,7.54,0.0754
Brazil,Cropland,2016,7.57,0.0757
Brazil,Cropland,2017,7.6,0.076
Brazil,Cropland,2018,7.6,0.076
Brazil,Cropland,2019,7.6,0.076
Brazil,Forest land,1990,70.46,0.7046
Brazil,Forest land,1991,70.01,0.7001
Brazil,Forest land,1992,69.55,0.6955
Brazil,Forest land,1993,69.1,0.691
Brazil,Forest land,1994,68.65,0.6865
Brazil,Forest land,1995,68.2,0.682
Brazil,Forest land,1996,67.74,0.6774
Brazil,Forest land,1997,67.29,0.6729
Brazil,Forest land,1998,66.84,0.6684
Brazil,Forest land,1999,66.39,0.6639
Brazil,Forest land,2000,65.93,0.6593
Brazil,Forest land,2001,65.46,0.6546
Brazil,Forest land,2002,64.99,0.6499
Brazil,Forest land,2003,64.52,0.6452
Brazil,Forest land,2004,64.04,0.6404
Brazil,Forest land,2005,63.57,0.6357
Brazil,Forest land,2006,63.1,0.631
Brazil,Forest land,2007,62.63,0.6263
Brazil,Forest land,2008,62.15,0.6215
Brazil,Forest land,2009,61.68,0.6168
Brazil,Forest land,2010,61.21,0.6121
Brazil,Forest land,2011,61.02,0.6102
Brazil,Forest land,2012,60.84,0.6084
Brazil,Forest land,2013,60.66,0.6066
Brazil,Forest land,2014,60.47,0.6047
Brazil,Forest land,2015,60.29,0.6029
Brazil,Forest land,2016,60.07,0.6007
Brazil,Forest land,2017,59.83,0.5983
Brazil,Forest land,2018,59.71,0.5971
Brazil,Forest land,2019,59.56,0.5956
Brazil,Planted Forest,1990,0.6,0.006
Brazil,Planted Forest,1991,0.61,0.0061
Brazil,Planted Forest,1992,0.62,0.0062
Brazil,Planted Forest,1993,0.62,0.0062
Brazil,Planted Forest,1994,0.63,0.0063
Brazil,Planted Forest,1995,0.63,0.0063
Brazil,Planted Forest,1996,0.64,0.0064
Brazil,Planted Forest,1997,0.64,0.0064
Brazil,Planted Forest,1998,0.65,0.0065
Brazil,Planted Forest,1999,0.66,0.0066
Brazil,Planted Forest,2000,0.66,0.0066
Brazil,Planted Forest,2001,0.73,0.0073
Brazil,Planted Forest,2002,0.81,0.0081
Brazil,Planted Forest,2003,0.88,0.0088
Brazil,Planted Forest,2004,0.96,0.0096
Brazil,Planted Forest,2005,1.03,0.0103
Brazil,Planted Forest,2006,1.11,0.0111
Brazil,Planted Forest,2007,1.19,0.0119
Brazil,Planted Forest,2008,1.27,0.0127
Brazil,Planted Forest,2009,1.35,0.0135
Brazil,Planted Forest,2010,1.43,0.0143
Brazil,Planted Forest,2011,1.54,0.0154
Brazil,Planted Forest,2012,1.65,0.0165
Brazil,Planted Forest,2013,1.75,0.0175
Brazil,Planted Forest,2014,1.86,0.0186
Brazil,Planted Forest,2015,1.97,0.0197
Brazil,Planted Forest,2016,2,0.02
Brazil,Planted Forest,2017,1.97,0.0197
Brazil,Planted Forest,2018,2.1,0.021
Brazil,Planted Forest,2019,2.18,0.0218
Brazil,Naturally regenerating forest,1990,99.4,0.994
Brazil,Naturally regenerating forest,1991,99.39,0.9939
Brazil,Naturally regenerating forest,1992,99.38,0.9938
Brazil,Naturally regenerating forest,1993,99.38,0.9938
Brazil,Naturally regenerating forest,1994,99.37,0.9937
Brazil,Naturally regenerating forest,1995,99.37,0.9937
Brazil,Naturally regenerating forest,1996,99.36,0.9936
Brazil,Naturally regenerating forest,1997,99.36,0.9936
Brazil,Naturally regenerating forest,1998,99.35,0.9935
Brazil,Naturally regenerating forest,1999,99.34,0.9934
Brazil,Naturally regenerating forest,2000,99.34,0.9934
Brazil,Naturally regenerating forest,2001,99.27,0.9927
Brazil,Naturally regenerating forest,2002,99.19,0.9919
Brazil,Naturally regenerating forest,2003,99.12,0.9912
Brazil,Naturally regenerating forest,2004,99.04,0.9904
Brazil,Naturally regenerating forest,2005,98.97,0.9897
Brazil,Naturally regenerating forest,2006,98.89,0.9889
Brazil,Naturally regenerating forest,2007,98.81,0.9881
Brazil,Naturally regenerating forest,2008,98.73,0.9873
Brazil,Naturally regenerating forest,2009,98.65,0.9865
Brazil,Naturally regenerating forest,2010,98.57,0.9857
Brazil,Naturally regenerating forest,2011,98.46,0.9846
Brazil,Naturally regenerating forest,2012,98.35,0.9835
Brazil,Naturally regenerating forest,2013,98.25,0.9825
Brazil,Naturally regenerating forest,2014,98.14,0.9814
Brazil,Naturally regenerating forest,2015,98.03,0.9803
Brazil,Naturally regenerating forest,2016,98,0.98
Brazil,Naturally regenerating forest,2017,98.03,0.9803
Brazil,Naturally regenerating forest,2018,97.9,0.979
Brazil,Naturally regenerating forest,2019,97.82,0.9782
China,Agricultural land,1961,36.42,0.3642
China,Agricultural land,1962,36.71,0.3671
China,Agricultural land,1963,37.01,0.3701
China,Agricultural land,1964,37.32,0.3732
China,Agricultural land,1965,37.72,0.3772
China,Agricultural land,1966,38.1,0.381
China,Agricultural land,1967,38.49,0.3849
China,Agricultural land,1968,38.87,0.3887
China,Agricultural land,1969,39.36,0.3936
China,Agricultural land,1970,39.84,0.3984
China,Agricultural land,1971,40.34,0.4034
China,Agricultural land,1972,40.83,0.4083
China,Agricultural land,1973,41.42,0.4142
China,Agricultural land,1974,42.13,0.4213
China,Agricultural land,1975,42.62,0.4262
China,Agricultural land,1976,43.24,0.4324
China,Agricultural land,1977,43.87,0.4387
China,Agricultural land,1978,44.5,0.445
China,Agricultural land,1979,44.98,0.4498
China,Agricultural land,1980,45.47,0.4547
China,Agricultural land,1981,46.03,0.4603
China,Agricultural land,1982,47.05,0.4705
China,Agricultural land,1983,48.15,0.4815
China,Agricultural land,1984,49.39,0.4939
China,Agricultural land,1985,50.64,0.5064
China,Agricultural land,1986,51.29,0.5129
China,Agricultural land,1987,51.85,0.5185
China,Agricultural land,1988,52.45,0.5245
China,Agricultural land,1989,53.09,0.5309
China,Agricultural land,1990,53.75,0.5375
China,Agricultural land,1991,54.35,0.5435
China,Agricultural land,1992,54.66,0.5466
China,Agricultural land,1993,55.08,0.5508
China,Agricultural land,1994,55.57,0.5557
China,Agricultural land,1995,55.57,0.5557
China,Agricultural land,1996,55.57,0.5557
China,Agricultural land,1997,55.57,0.5557
China,Agricultural land,1998,55.57,0.5557
China,Agricultural land,1999,55.57,0.5557
China,Agricultural land,2000,55.57,0.5557
China,Agricultural land,2001,55.63,0.5563
China,Agricultural land,2002,55.7,0.557
China,Agricultural land,2003,55.76,0.5576
China,Agricultural land,2004,55.82,0.5582
China,Agricultural land,2005,55.88,0.5588
China,Agricultural land,2006,55.95,0.5595
China,Agricultural land,2007,56.01,0.5601
China,Agricultural land,2008,56.07,0.5607
China,Agricultural land,2009,56.13,0.5613
China,Agricultural land,2010,56.12,0.5612
China,Agricultural land,2011,56.12,0.5612
China,Agricultural land,2012,56.11,0.5611
China,Agricultural land,2013,56.11,0.5611
China,Agricultural land,2014,56.1,0.561
China,Agricultural land,2015,56.09,0.5609
China,Agricultural land,2016,56.08,0.5608
China,Agricultural land,2017,56.08,0.5608
China,Agricultural land,2018,56.08,0.5608
China,Agricultural land,2019,56.08,0.5608
China,Arable land,1961,30.12,0.3012
China,Arable land,1962,29.8,0.298
China,Arable land,1963,29.5,0.295
China,Arable land,1964,29.2,0.292
China,Arable land,1965,28.82,0.2882
China,Arable land,1966,28.4,0.284
China,Arable land,1967,27.99,0.2799
China,Arable land,1968,27.58,0.2758
China,Arable land,1969,27.11,0.2711
China,Arable land,1970,26.65,0.2665
China,Arable land,1971,26.21,0.2621
China,Arable land,1972,25.77,0.2577
China,Arable land,1973,25.28,0.2528
China,Arable land,1974,25,0.25
China,Arable land,1975,24.35,0.2435
China,Arable land,1976,23.95,0.2395
China,Arable land,1977,23.56,0.2356
China,Arable land,1978,23.18,0.2318
China,Arable land,1979,22.9,0.229
China,Arable land,1980,22.62,0.2262
China,Arable land,1981,22.49,0.2249
China,Arable land,1982,23.1,0.231
China,Arable land,1983,23.81,0.2381
China,Arable land,1984,24.65,0.2465
China,Arable land,1985,25.32,0.2532
China,Arable land,1986,25.08,0.2508
China,Arable land,1987,24.74,0.2474
China,Arable land,1988,24.6,0.246
China,Arable land,1989,24.56,0.2456
China,Arable land,1990,24.57,0.2457
China,Arable land,1991,24.51,0.2451
China,Arable land,1992,23.98,0.2398
China,Arable land,1993,23.49,0.2349
China,Arable land,1994,23.17,0.2317
China,Arable land,1995,22.96,0.2296
China,Arable land,1996,22.91,0.2291
China,Arable land,1997,22.85,0.2285
China,Arable land,1998,22.85,0.2285
China,Arable land,1999,22.85,0.2285
China,Arable land,2000,22.85,0.2285
China,Arable land,2001,22.94,0.2294
China,Arable land,2002,22.98,0.2298
China,Arable land,2003,22.99,0.2299
China,Arable land,2004,23,0.23
China,Arable land,2005,23.02,0.2302
China,Arable land,2006,23.06,0.2306
China,Arable land,2007,23.03,0.2303
China,Arable land,2008,23.05,0.2305
China,Arable land,2009,23.06,0.2306
China,Arable land,2010,22.95,0.2295
China,Arable land,2011,22.81,0.2281
China,Arable land,2012,22.69,0.2269
China,Arable land,2013,22.65,0.2265
China,Arable land,2014,22.63,0.2263
China,Arable land,2015,22.62,0.2262
China,Arable land,2016,22.61,0.2261
China,Arable land,2017,22.61,0.2261
China,Arable land,2018,22.61,0.2261
China,Arable land,2019,22.61,0.2261
China,Cropland,1961,30.66,0.3066
China,Cropland,1962,30.35,0.3035
China,Cropland,1963,30.06,0.3006
China,Cropland,1964,29.77,0.2977
China,Cropland,1965,29.4,0.294
China,Cropland,1966,28.99,0.2899
China,Cropland,1967,28.59,0.2859
China,Cropland,1968,28.2,0.282
China,Cropland,1969,27.75,0.2775
China,Cropland,1970,27.3,0.273
China,Cropland,1971,26.87,0.2687
China,Cropland,1972,26.45,0.2645
China,Cropland,1973,25.97,0.2597
China,Cropland,1974,25.7,0.257
China,Cropland,1975,25.06,0.2506
China,Cropland,1976,24.67,0.2467
China,Cropland,1977,24.29,0.2429
China,Cropland,1978,23.92,0.2392
China,Cropland,1979,23.65,0.2365
China,Cropland,1980,23.39,0.2339
China,Cropland,1981,23.26,0.2326
China,Cropland,1982,23.88,0.2388
China,Cropland,1983,24.61,0.2461
China,Cropland,1984,25.5,0.255
China,Cropland,1985,26.38,0.2638
China,Cropland,1986,26.36,0.2636
China,Cropland,1987,26.21,0.2621
China,Cropland,1988,26.12,0.2612
China,Cropland,1989,26.1,0.261
China,Cropland,1990,26.1,0.261
China,Cropland,1991,26.01,0.2601
China,Cropland,1992,25.54,0.2554
China,Cropland,1993,25.21,0.2521
China,Cropland,1994,24.99,0.2499
China,Cropland,1995,24.99,0.2499
China,Cropland,1996,25,0.25
China,Cropland,1997,25,0.25
China,Cropland,1998,24.99,0.2499
China,Cropland,1999,24.99,0.2499
China,Cropland,2000,24.99,0.2499
China,Cropland,2001,25.08,0.2508
China,Cropland,2002,25.16,0.2516
China,Cropland,2003,25.25,0.2525
China,Cropland,2004,25.33,0.2533
China,Cropland,2005,25.41,0.2541
China,Cropland,2006,25.5,0.255
China,Cropland,2007,25.58,0.2558
China,Cropland,2008,25.66,0.2566
China,Cropland,2009,25.75,0.2575
China,Cropland,2010,25.73,0.2573
China,Cropland,2011,25.72,0.2572
China,Cropland,2012,25.71,0.2571
China,Cropland,2013,25.71,0.2571
China,Cropland,2014,25.7,0.257
China,Cropland,2015,25.69,0.2569
China,Cropland,2016,25.68,0.2568
China,Cropland,2017,25.67,0.2567
China,Cropland,2018,25.67,0.2567
China,Cropland,2019,25.67,0.2567
China,Cropland,1961,11.17,0.1117
China,Cropland,1962,11.14,0.1114
China,Cropland,1963,11.13,0.1113
China,Cropland,1964,11.11,0.1111
China,Cropland,1965,11.09,0.1109
China,Cropland,1966,11.05,0.1105
China,Cropland,1967,11,0.11
China,Cropland,1968,10.96,0.1096
China,Cropland,1969,10.92,0.1092
China,Cropland,1970,10.88,0.1088
China,Cropland,1971,10.84,0.1084
China,Cropland,1972,10.8,0.108
China,Cropland,1973,10.76,0.1076
China,Cropland,1974,10.83,0.1083
China,Cropland,1975,10.68,0.1068
China,Cropland,1976,10.67,0.1067
China,Cropland,1977,10.66,0.1066
China,Cropland,1978,10.64,0.1064
China,Cropland,1979,10.64,0.1064
China,Cropland,1980,10.63,0.1063
China,Cropland,1981,10.71,0.1071
China,Cropland,1982,11.24,0.1124
China,Cropland,1983,11.85,0.1185
China,Cropland,1984,12.59,0.1259
China,Cropland,1985,13.36,0.1336
China,Cropland,1986,13.52,0.1352
China,Cropland,1987,13.59,0.1359
China,Cropland,1988,13.7,0.137
China,Cropland,1989,13.86,0.1386
China,Cropland,1990,14.03,0.1403
China,Cropland,1991,14.14,0.1414
China,Cropland,1992,13.96,0.1396
China,Cropland,1993,13.89,0.1389
China,Cropland,1994,13.89,0.1389
China,Cropland,1995,13.89,0.1389
China,Cropland,1996,13.89,0.1389
China,Cropland,1997,13.89,0.1389
China,Cropland,1998,13.89,0.1389
China,Cropland,1999,13.89,0.1389
China,Cropland,2000,13.89,0.1389
China,Cropland,2001,13.95,0.1395
China,Cropland,2002,14.01,0.1401
China,Cropland,2003,14.08,0.1408
China,Cropland,2004,14.14,0.1414
China,Cropland,2005,14.2,0.142
China,Cropland,2006,14.26,0.1426
China,Cropland,2007,14.33,0.1433
China,Cropland,2008,14.39,0.1439
China,Cropland,2009,14.45,0.1445
China,Cropland,2010,14.44,0.1444
China,Cropland,2011,14.44,0.1444
China,Cropland,2012,14.43,0.1443
China,Cropland,2013,14.43,0.1443
China,Cropland,2014,14.42,0.1442
China,Cropland,2015,14.41,0.1441
China,Cropland,2016,14.4,0.144
China,Cropland,2017,14.4,0.144
China,Cropland,2018,14.4,0.144
China,Cropland,2019,14.4,0.144
China,Forest land,1990,16.67,0.1667
China,Forest land,1991,16.88,0.1688
China,Forest land,1992,17.09,0.1709
China,Forest land,1993,17.31,0.1731
China,Forest land,1994,17.52,0.1752
China,Forest land,1995,17.73,0.1773
China,Forest land,1996,17.94,0.1794
China,Forest land,1997,18.15,0.1815
China,Forest land,1998,18.36,0.1836
China,Forest land,1999,18.57,0.1857
China,Forest land,2000,18.78,0.1878
China,Forest land,2001,19.03,0.1903
China,Forest land,2002,19.28,0.1928
China,Forest land,2003,19.53,0.1953
China,Forest land,2004,19.78,0.1978
China,Forest land,2005,20.03,0.2003
China,Forest land,2006,20.28,0.2028
China,Forest land,2007,20.53,0.2053
China,Forest land,2008,20.78,0.2078
China,Forest land,2009,21.04,0.2104
China,Forest land,2010,21.29,0.2129
China,Forest land,2011,21.49,0.2149
China,Forest land,2012,21.7,0.217
China,Forest land,2013,21.9,0.219
China,Forest land,2014,22.11,0.2211
China,Forest land,2015,22.31,0.2231
China,Forest land,2016,22.54,0.2254
China,Forest land,2017,22.74,0.2274
China,Forest land,2018,22.94,0.2294
China,Forest land,2019,23.14,0.2314
China,Planted Forest,1990,28.1,0.281
China,Planted Forest,1991,28.42,0.2842
China,Planted Forest,1992,28.73,0.2873
China,Planted Forest,1993,29.03,0.2903
China,Planted Forest,1994,29.33,0.2933
China,Planted Forest,1995,29.62,0.2962
China,Planted Forest,1996,29.91,0.2991
China,Planted Forest,1997,30.18,0.3018
China,Planted Forest,1998,30.45,0.3045
China,Planted Forest,1999,30.72,0.3072
China,Planted Forest,2000,30.98,0.3098
China,Planted Forest,2001,31.6,0.316
China,Planted Forest,2002,32.21,0.3221
China,Planted Forest,2003,32.8,0.328
China,Planted Forest,2004,33.38,0.3338
China,Planted Forest,2005,33.94,0.3394
China,Planted Forest,2006,34.49,0.3449
China,Planted Forest,2007,35.02,0.3502
China,Planted Forest,2008,35.54,0.3554
China,Planted Forest,2009,36.05,0.3605
China,Planted Forest,2010,36.55,0.3655
China,Planted Forest,2011,36.76,0.3676
China,Planted Forest,2012,36.97,0.3697
China,Planted Forest,2013,37.17,0.3717
China,Planted Forest,2014,37.37,0.3737
China,Planted Forest,2015,37.57,0.3757
China,Planted Forest,2016,37.77,0.3777
China,Planted Forest,2017,37.96,0.3796
China,Planted Forest,2018,38.14,0.3814
China,Planted Forest,2019,38.32,0.3832
China,Naturally regenerating forest,1990,71.9,0.719
China,Naturally regenerating forest,1991,71.58,0.7158
China,Naturally regenerating forest,1992,71.27,0.7127
China,Naturally regenerating forest,1993,70.97,0.7097
China,Naturally regenerating forest,1994,70.67,0.7067
China,Naturally regenerating forest,1995,70.38,0.7038
China,Naturally regenerating forest,1996,70.09,0.7009
China,Naturally regenerating forest,1997,69.82,0.6982
China,Naturally regenerating forest,1998,69.55,0.6955
China,Naturally regenerating forest,1999,69.28,0.6928
China,Naturally regenerating forest,2000,69.02,0.6902
China,Naturally regenerating forest,2001,68.4,0.684
China,Naturally regenerating forest,2002,67.79,0.6779
China,Naturally regenerating forest,2003,67.2,0.672
China,Naturally regenerating forest,2004,66.62,0.6662
China,Naturally regenerating forest,2005,66.06,0.6606
China,Naturally regenerating forest,2006,65.51,0.6551
China,Naturally regenerating forest,2007,64.98,0.6498
China,Naturally regenerating forest,2008,64.46,0.6446
China,Naturally regenerating forest,2009,63.95,0.6395
China,Naturally regenerating forest,2010,63.45,0.6345
China,Naturally regenerating forest,2011,63.24,0.6324
China,Naturally regenerating forest,2012,63.03,0.6303
China,Naturally regenerating forest,2013,62.83,0.6283
China,Naturally regenerating forest,2014,62.63,0.6263
China,Naturally regenerating forest,2015,62.43,0.6243
China,Naturally regenerating forest,2016,62.23,0.6223
China,Naturally regenerating forest,2017,62.04,0.6204
China,Naturally regenerating forest,2018,61.86,0.6186
China,Naturally regenerating forest,2019,61.68,0.6168
France,Agricultural land,1961,63.08,0.6308
France,Agricultural land,1962,62.9,0.629
France,Agricultural land,1963,62.74,0.6274
France,Agricultural land,1964,62.29,0.6229
France,Agricultural land,1965,62.09,0.6209
France,Agricultural land,1966,61.81,0.6181
France,Agricultural land,1967,61.42,0.6142
France,Agricultural land,1968,60.59,0.6059
France,Agricultural land,1969,60.58,0.6058
France,Agricultural land,1970,59.34,0.5934
France,Agricultural land,1971,59.58,0.5958
France,Agricultural land,1972,59.38,0.5938
France,Agricultural land,1973,59.28,0.5928
France,Agricultural land,1974,59.25,0.5925
France,Agricultural land,1975,59.09,0.5909
France,Agricultural land,1976,58.48,0.5848
France,Agricultural land,1977,58.28,0.5828
France,Agricultural land,1978,58.37,0.5837
France,Agricultural land,1979,58.14,0.5814
France,Agricultural land,1980,57.93,0.5793
France,Agricultural land,1981,57.87,0.5787
France,Agricultural land,1982,57.79,0.5779
France,Agricultural land,1983,57.65,0.5765
France,Agricultural land,1984,57.54,0.5754
France,Agricultural land,1985,57.42,0.5742
France,Agricultural land,1986,57.34,0.5734
France,Agricultural land,1987,57.26,0.5726
France,Agricultural land,1988,56.3,0.563
France,Agricultural land,1989,56.14,0.5614
France,Agricultural land,1990,55.87,0.5587
France,Agricultural land,1991,55.67,0.5567
France,Agricultural land,1992,55.49,0.5549
France,Agricultural land,1993,55.32,0.5532
France,Agricultural land,1994,55.16,0.5516
France,Agricultural land,1995,55.06,0.5506
France,Agricultural land,1996,54.96,0.5496
France,Agricultural land,1997,54.86,0.5486
France,Agricultural land,1998,54.75,0.5475
France,Agricultural land,1999,54.66,0.5466
France,Agricultural land,2000,54.44,0.5444
France,Agricultural land,2001,54.26,0.5426
France,Agricultural land,2002,54.08,0.5408
France,Agricultural land,2003,53.91,0.5391
France,Agricultural land,2004,53.8,0.538
France,Agricultural land,2005,53.68,0.5368
France,Agricultural land,2006,53.53,0.5353
France,Agricultural land,2007,53.34,0.5334
France,Agricultural land,2008,53.16,0.5316
France,Agricultural land,2009,53,0.53
France,Agricultural land,2010,52.83,0.5283
France,Agricultural land,2011,52.74,0.5274
France,Agricultural land,2012,52.68,0.5268
France,Agricultural land,2013,52.55,0.5255
France,Agricultural land,2014,52.54,0.5254
France,Agricultural land,2015,52.46,0.5246
France,Agricultural land,2016,52.45,0.5245
France,Agricultural land,2017,52.41,0.5241
France,Agricultural land,2018,52.34,0.5234
France,Agricultural land,2019,52.27,0.5227
France,Arable land,1961,56.76,0.5676
France,Arable land,1962,56.71,0.5671
France,Arable land,1963,56.63,0.5663
France,Arable land,1964,55.93,0.5593
France,Arable land,1965,55.28,0.5528
France,Arable land,1966,54.55,0.5455
France,Arable land,1967,53.75,0.5375
France,Arable land,1968,52.98,0.5298
France,Arable land,1969,52.95,0.5295
France,Arable land,1970,53.6,0.536
France,Arable land,1971,52.28,0.5228
France,Arable land,1972,52.37,0.5237
France,Arable land,1973,52.67,0.5267
France,Arable land,1974,53.26,0.5326
France,Arable land,1975,53.57,0.5357
France,Arable land,1976,53.5,0.535
France,Arable land,1977,54.11,0.5411
France,Arable land,1978,54.29,0.5429
France,Arable land,1979,54.66,0.5466
France,Arable land,1980,55.08,0.5508
France,Arable land,1981,55.31,0.5531
France,Arable land,1982,55.78,0.5578
France,Arable land,1983,55.98,0.5598
France,Arable land,1984,56.52,0.5652
France,Arable land,1985,57,0.57
France,Arable land,1986,57.33,0.5733
France,Arable land,1987,57.94,0.5794
France,Arable land,1988,57.78,0.5778
France,Arable land,1989,57.61,0.5761
France,Arable land,1990,58.13,0.5813
France,Arable land,1991,58.49,0.5849
France,Arable land,1992,58.74,0.5874
France,Arable land,1993,59.53,0.5953
France,Arable land,1994,59.91,0.5991
France,Arable land,1995,60.28,0.6028
France,Arable land,1996,60.49,0.6049
France,Arable land,1997,60.82,0.6082
France,Arable land,1998,61.1,0.611
France,Arable land,1999,61.32,0.6132
France,Arable land,2000,61.58,0.6158
France,Arable land,2001,61.74,0.6174
France,Arable land,2002,62.04,0.6204
France,Arable land,2003,62.15,0.6215
France,Arable land,2004,62.35,0.6235
France,Arable land,2005,62.53,0.6253
France,Arable land,2006,62.56,0.6256
France,Arable land,2007,62.61,0.6261
France,Arable land,2008,62.76,0.6276
France,Arable land,2009,62.91,0.6291
France,Arable land,2010,63.27,0.6327
France,Arable land,2011,63.28,0.6328
France,Arable land,2012,63.38,0.6338
France,Arable land,2013,63.62,0.6362
France,Arable land,2014,63.73,0.6373
France,Arable land,2015,64.33,0.6433
France,Arable land,2016,63.92,0.6392
France,Arable land,2017,64.34,0.6434
France,Arable land,2018,63.25,0.6325
France,Arable land,2019,63.12,0.6312
France,Cropland,1961,61.97,0.6197
France,Cropland,1962,61.9,0.619
France,Cropland,1963,61.83,0.6183
France,Cropland,1964,61.06,0.6106
France,Cropland,1965,60.42,0.6042
France,Cropland,1966,59.72,0.5972
France,Cropland,1967,58.93,0.5893
France,Cropland,1968,58.18,0.5818
France,Cropland,1969,58.07,0.5807
France,Cropland,1970,58.78,0.5878
France,Cropland,1971,57.29,0.5729
France,Cropland,1972,57.3,0.573
France,Cropland,1973,57.61,0.5761
France,Cropland,1974,58.22,0.5822
France,Cropland,1975,58.58,0.5858
France,Cropland,1976,58.51,0.5851
France,Cropland,1977,59.03,0.5903
France,Cropland,1978,59.37,0.5937
France,Cropland,1979,59.44,0.5944
France,Cropland,1980,59.49,0.5949
France,Cropland,1981,59.7,0.597
France,Cropland,1982,60.11,0.6011
France,Cropland,1983,60.28,0.6028
France,Cropland,1984,60.76,0.6076
France,Cropland,1985,61.2,0.612
France,Cropland,1986,61.48,0.6148
France,Cropland,1987,62.06,0.6206
France,Cropland,1988,61.79,0.6179
France,Cropland,1989,61.57,0.6157
France,Cropland,1990,62.08,0.6208
France,Cropland,1991,62.45,0.6245
France,Cropland,1992,62.7,0.627
France,Cropland,1993,63.48,0.6348
France,Cropland,1994,63.84,0.6384
France,Cropland,1995,64.17,0.6417
France,Cropland,1996,64.35,0.6435
France,Cropland,1997,64.65,0.6465
France,Cropland,1998,64.92,0.6492
France,Cropland,1999,65.14,0.6514
France,Cropland,2000,65.4,0.654
France,Cropland,2001,65.56,0.6556
France,Cropland,2002,65.85,0.6585
France,Cropland,2003,65.93,0.6593
France,Cropland,2004,66.12,0.6612
France,Cropland,2005,66.31,0.6631
France,Cropland,2006,66.3,0.663
France,Cropland,2007,66.28,0.6628
France,Cropland,2008,66.37,0.6637
France,Cropland,2009,66.45,0.6645
France,Cropland,2010,66.76,0.6676
France,Cropland,2011,66.77,0.6677
France,Cropland,2012,66.86,0.6686
France,Cropland,2013,67.08,0.6708
France,Cropland,2014,67.19,0.6719
France,Cropland,2015,67.76,0.6776
France,Cropland,2016,67.37,0.6737
France,Cropland,2017,67.82,0.6782
France,Cropland,2018,66.76,0.6676
France,Cropland,2019,66.65,0.6665
France,Cropland,1961,39.09,0.3909
France,Cropland,1962,38.94,0.3894
France,Cropland,1963,38.79,0.3879
France,Cropland,1964,38.04,0.3804
France,Cropland,1965,37.52,0.3752
France,Cropland,1966,36.92,0.3692
France,Cropland,1967,36.19,0.3619
France,Cropland,1968,35.25,0.3525
France,Cropland,1969,35.18,0.3518
France,Cropland,1970,34.88,0.3488
France,Cropland,1971,34.13,0.3413
France,Cropland,1972,34.03,0.3403
France,Cropland,1973,34.15,0.3415
France,Cropland,1974,34.49,0.3449
France,Cropland,1975,34.62,0.3462
France,Cropland,1976,34.22,0.3422
France,Cropland,1977,34.4,0.344
France,Cropland,1978,34.65,0.3465
France,Cropland,1979,34.56,0.3456
France,Cropland,1980,34.47,0.3447
France,Cropland,1981,34.55,0.3455
France,Cropland,1982,34.74,0.3474
France,Cropland,1983,34.75,0.3475
France,Cropland,1984,34.96,0.3496
France,Cropland,1985,35.14,0.3514
France,Cropland,1986,35.25,0.3525
France,Cropland,1987,35.54,0.3554
France,Cropland,1988,34.79,0.3479
France,Cropland,1989,34.57,0.3457
France,Cropland,1990,34.69,0.3469
France,Cropland,1991,34.77,0.3477
France,Cropland,1992,34.79,0.3479
France,Cropland,1993,35.12,0.3512
France,Cropland,1994,35.22,0.3522
France,Cropland,1995,35.33,0.3533
France,Cropland,1996,35.37,0.3537
France,Cropland,1997,35.47,0.3547
France,Cropland,1998,35.54,0.3554
France,Cropland,1999,35.61,0.3561
France,Cropland,2000,35.6,0.356
France,Cropland,2001,35.58,0.3558
France,Cropland,2002,35.61,0.3561
France,Cropland,2003,35.54,0.3554
France,Cropland,2004,35.57,0.3557
France,Cropland,2005,35.59,0.3559
France,Cropland,2006,35.5,0.355
France,Cropland,2007,35.35,0.3535
France,Cropland,2008,35.28,0.3528
France,Cropland,2009,35.22,0.3522
France,Cropland,2010,35.27,0.3527
France,Cropland,2011,35.21,0.3521
France,Cropland,2012,35.22,0.3522
France,Cropland,2013,35.25,0.3525
France,Cropland,2014,35.3,0.353
France,Cropland,2015,35.55,0.3555
France,Cropland,2016,35.34,0.3534
France,Cropland,2017,35.55,0.3555
France,Cropland,2018,34.94,0.3494
France,Cropland,2019,34.84,0.3484
France,Forest land,1990,26.36,0.2636
France,Forest land,1991,26.52,0.2652
France,Forest land,1992,26.68,0.2668
France,Forest land,1993,26.83,0.2683
France,Forest land,1994,26.99,0.2699
France,Forest land,1995,27.14,0.2714
France,Forest land,1996,27.3,0.273
France,Forest land,1997,27.45,0.2745
France,Forest land,1998,27.61,0.2761
France,Forest land,1999,27.76,0.2776
France,Forest land,2000,27.92,0.2792
France,Forest land,2001,28.13,0.2813
France,Forest land,2002,28.33,0.2833
France,Forest land,2003,28.52,0.2852
France,Forest land,2004,28.75,0.2875
France,Forest land,2005,28.95,0.2895
France,Forest land,2006,29.16,0.2916
France,Forest land,2007,29.37,0.2937
France,Forest land,2008,29.57,0.2957
France,Forest land,2009,29.78,0.2978
France,Forest land,2010,29.99,0.2999
France,Forest land,2011,30.14,0.3014
France,Forest land,2012,30.29,0.3029
France,Forest land,2013,30.44,0.3044
France,Forest land,2014,30.6,0.306
France,Forest land,2015,30.75,0.3075
France,Forest land,2016,30.9,0.309
France,Forest land,2017,31.05,0.3105
France,Forest land,2018,31.2,0.312
France,Forest land,2019,31.36,0.3136
France,Planted Forest,1990,10.58,0.1058
France,Planted Forest,1991,10.56,0.1056
France,Planted Forest,1992,10.54,0.1054
France,Planted Forest,1993,10.52,0.1052
France,Planted Forest,1994,10.5,0.105
France,Planted Forest,1995,10.48,0.1048
France,Planted Forest,1996,10.46,0.1046
France,Planted Forest,1997,10.43,0.1043
France,Planted Forest,1998,10.41,0.1041
France,Planted Forest,1999,10.39,0.1039
France,Planted Forest,2000,10.37,0.1037
France,Planted Forest,2001,10.61,0.1061
France,Planted Forest,2002,10.85,0.1085
France,Planted Forest,2003,11.08,0.1108
France,Planted Forest,2004,11.31,0.1131
France,Planted Forest,2005,11.54,0.1154
France,Planted Forest,2006,11.76,0.1176
France,Planted Forest,2007,11.98,0.1198
France,Planted Forest,2008,12.2,0.122
France,Planted Forest,2009,12.41,0.1241
France,Planted Forest,2010,12.63,0.1263
France,Planted Forest,2011,12.79,0.1279
France,Planted Forest,2012,12.95,0.1295
France,Planted Forest,2013,13.11,0.1311
France,Planted Forest,2014,13.27,0.1327
France,Planted Forest,2015,13.42,0.1342
France,Planted Forest,2016,13.56,0.1356
France,Planted Forest,2017,13.7,0.137
France,Planted Forest,2018,13.84,0.1384
France,Planted Forest,2019,13.97,0.1397
France,Naturally regenerating forest,1990,89.42,0.8942
France,Naturally regenerating forest,1991,89.44,0.8944
France,Naturally regenerating forest,1992,89.46,0.8946
France,Naturally regenerating forest,1993,89.48,0.8948
France,Naturally regenerating forest,1994,89.5,0.895
France,Naturally regenerating forest,1995,89.52,0.8952
France,Naturally regenerating forest,1996,89.54,0.8954
France,Naturally regenerating forest,1997,89.57,0.8957
France,Naturally regenerating forest,1998,89.59,0.8959
France,Naturally regenerating forest,1999,89.61,0.8961
France,Naturally regenerating forest,2000,89.63,0.8963
France,Naturally regenerating forest,2001,89.39,0.8939
France,Naturally regenerating forest,2002,89.15,0.8915
France,Naturally regenerating forest,2003,88.92,0.8892
France,Naturally regenerating forest,2004,88.69,0.8869
France,Naturally regenerating forest,2005,88.46,0.8846
France,Naturally regenerating forest,2006,88.24,0.8824
France,Naturally regenerating forest,2007,88.02,0.8802
France,Naturally regenerating forest,2008,87.8,0.878
France,Naturally regenerating forest,2009,87.59,0.8759
France,Naturally regenerating forest,2010,87.37,0.8737
France,Naturally regenerating forest,2011,87.21,0.8721
France,Naturally regenerating forest,2012,87.05,0.8705
France,Naturally regenerating forest,2013,86.89,0.8689
France,Naturally regenerating forest,2014,86.73,0.8673
France,Naturally regenerating forest,2015,86.58,0.8658
France,Naturally regenerating forest,2016,86.44,0.8644
France,Naturally regenerating forest,2017,86.3,0.863
France,Naturally regenerating forest,2018,86.16,0.8616
France,Naturally regenerating forest,2019,86.03,0.8603
India,Agricultural land,1961,58.84,0.5884
India,Agricultural land,1962,59.36,0.5936
India,Agricultural land,1963,59.25,0.5925
India,Agricultural land,1964,59.44,0.5944
India,Agricultural land,1965,59.59,0.5959
India,Agricultural land,1966,59.71,0.5971
India,Agricultural land,1967,59.8,0.598
India,Agricultural land,1968,59.99,0.5999
India,Agricultural land,1969,59.8,0.598
India,Agricultural land,1970,59.89,0.5989
India,Agricultural land,1971,59.81,0.5981
India,Agricultural land,1972,59.85,0.5985
India,Agricultural land,1973,60.12,0.6012
India,Agricultural land,1974,60.3,0.603
India,Agricultural land,1975,60.44,0.6044
India,Agricultural land,1976,60.42,0.6042
India,Agricultural land,1977,60.4,0.604
India,Agricultural land,1978,60.74,0.6074
India,Agricultural land,1979,60.74,0.6074
India,Agricultural land,1980,60.63,0.6063
India,Agricultural land,1981,60.68,0.6068
India,Agricultural land,1982,60.8,0.608
India,Agricultural land,1983,60.7,0.607
India,Agricultural land,1984,61.03,0.6103
India,Agricultural land,1985,60.99,0.6099
India,Agricultural land,1986,60.94,0.6094
India,Agricultural land,1987,61.06,0.6106
India,Agricultural land,1988,60.91,0.6091
India,Agricultural land,1989,61.05,0.6105
India,Agricultural land,1990,61.02,0.6102
India,Agricultural land,1991,61.07,0.6107
India,Agricultural land,1992,60.98,0.6098
India,Agricultural land,1993,61.01,0.6101
India,Agricultural land,1994,60.98,0.6098
India,Agricultural land,1995,60.86,0.6086
India,Agricultural land,1996,60.74,0.6074
India,Agricultural land,1997,60.87,0.6087
India,Agricultural land,1998,60.83,0.6083
India,Agricultural land,1999,60.88,0.6088
India,Agricultural land,2000,60.87,0.6087
India,Agricultural land,2001,60.7,0.607
India,Agricultural land,2002,60.73,0.6073
India,Agricultural land,2003,60.62,0.6062
India,Agricultural land,2004,60.67,0.6067
India,Agricultural land,2005,60.58,0.6058
India,Agricultural land,2006,60.51,0.6051
India,Agricultural land,2007,60.41,0.6041
India,Agricultural land,2008,60.46,0.6046
India,Agricultural land,2009,60.56,0.6056
India,Agricultural land,2010,60.4,0.604
India,Agricultural land,2011,60.43,0.6043
India,Agricultural land,2012,60.42,0.6042
India,Agricultural land,2013,60.44,0.6044
India,Agricultural land,2014,60.45,0.6045
India,Agricultural land,2015,60.43,0.6043
India,Agricultural land,2016,60.4,0.604
India,Agricultural land,2017,60.4,0.604
India,Agricultural land,2018,60.4,0.604
India,Agricultural land,2019,60.4,0.604
India,Arable land,1961,89.06,0.8906
India,Arable land,1962,88.79,0.8879
India,Arable land,1963,89.39,0.8939
India,Arable land,1964,89.26,0.8926
India,Arable land,1965,89.3,0.893
India,Arable land,1966,89.33,0.8933
India,Arable land,1967,89.86,0.8986
India,Arable land,1968,89.74,0.8974
India,Arable land,1969,89.98,0.8998
India,Arable land,1970,90.18,0.9018
India,Arable land,1971,89.84,0.8984
India,Arable land,1972,90.02,0.9002
India,Arable land,1973,90.09,0.9009
India,Arable land,1974,90.08,0.9008
India,Arable land,1975,90.06,0.9006
India,Arable land,1976,90.21,0.9021
India,Arable land,1977,90.24,0.9024
India,Arable land,1978,90.39,0.9039
India,Arable land,1979,90.51,0.9051
India,Arable land,1980,90.34,0.9034
India,Arable land,1981,90.31,0.9031
India,Arable land,1982,90.31,0.9031
India,Arable land,1983,90.18,0.9018
India,Arable land,1984,90.17,0.9017
India,Arable land,1985,90.18,0.9018
India,Arable land,1986,90.19,0.9019
India,Arable land,1987,89.9,0.899
India,Arable land,1988,89.94,0.8994
India,Arable land,1989,90.07,0.9007
India,Arable land,1990,90.1,0.901
India,Arable land,1991,89.86,0.8986
India,Arable land,1992,89.74,0.8974
India,Arable land,1993,89.64,0.8964
India,Arable land,1994,89.65,0.8965
India,Arable land,1995,89.48,0.8948
India,Arable land,1996,89.17,0.8917
India,Arable land,1997,89.29,0.8929
India,Arable land,1998,89.24,0.8924
India,Arable land,1999,88.93,0.8893
India,Arable land,2000,88.92,0.8892
India,Arable land,2001,88.83,0.8883
India,Arable land,2002,88.85,0.8885
India,Arable land,2003,88.65,0.8865
India,Arable land,2004,88.53,0.8853
India,Arable land,2005,88.52,0.8852
India,Arable land,2006,88.19,0.8819
India,Arable land,2007,87.98,0.8798
India,Arable land,2008,87.89,0.8789
India,Arable land,2009,87.7,0.877
India,Arable land,2010,87.43,0.8743
India,Arable land,2011,87.37,0.8737
India,Arable land,2012,87.14,0.8714
India,Arable land,2013,87.06,0.8706
India,Arable land,2014,87.06,0.8706
India,Arable land,2015,87.05,0.8705
India,Arable land,2016,87.05,0.8705
India,Arable land,2017,87.05,0.8705
India,Arable land,2018,87.05,0.8705
India,Arable land,2019,86.91,0.8691
India,Cropland,1961,92.02,0.9202
India,Cropland,1962,92.02,0.9202
India,Cropland,1963,91.99,0.9199
India,Cropland,1964,91.74,0.9174
India,Cropland,1965,91.68,0.9168
India,Cropland,1966,91.66,0.9166
India,Cropland,1967,92.12,0.9212
India,Cropland,1968,92.27,0.9227
India,Cropland,1969,92.51,0.9251
India,Cropland,1970,92.7,0.927
India,Cropland,1971,92.54,0.9254
India,Cropland,1972,92.72,0.9272
India,Cropland,1973,92.89,0.9289
India,Cropland,1974,92.87,0.9287
India,Cropland,1975,92.85,0.9285
India,Cropland,1976,92.99,0.9299
India,Cropland,1977,93.02,0.9302
India,Cropland,1978,93.16,0.9316
India,Cropland,1979,93.28,0.9328
India,Cropland,1980,93.28,0.9328
India,Cropland,1981,93.35,0.9335
India,Cropland,1982,93.35,0.9335
India,Cropland,1983,93.39,0.9339
India,Cropland,1984,93.37,0.9337
India,Cropland,1985,93.38,0.9338
India,Cropland,1986,93.5,0.935
India,Cropland,1987,93.48,0.9348
India,Cropland,1988,93.53,0.9353
India,Cropland,1989,93.65,0.9365
India,Cropland,1990,93.77,0.9377
India,Cropland,1991,93.72,0.9372
India,Cropland,1992,93.77,0.9377
India,Cropland,1993,93.88,0.9388
India,Cropland,1994,93.95,0.9395
India,Cropland,1995,93.9,0.939
India,Cropland,1996,93.87,0.9387
India,Cropland,1997,93.99,0.9399
India,Cropland,1998,94,0.94
India,Cropland,1999,93.98,0.9398
India,Cropland,2000,94.01,0.9401
India,Cropland,2001,94.09,0.9409
India,Cropland,2002,94.17,0.9417
India,Cropland,2003,94.2,0.942
India,Cropland,2004,94.19,0.9419
India,Cropland,2005,94.2,0.942
India,Cropland,2006,94.19,0.9419
India,Cropland,2007,94.2,0.942
India,Cropland,2008,94.24,0.9424
India,Cropland,2009,94.26,0.9426
India,Cropland,2010,94.24,0.9424
India,Cropland,2011,94.27,0.9427
India,Cropland,2012,94.27,0.9427
India,Cropland,2013,94.29,0.9429
India,Cropland,2014,94.29,0.9429
India,Cropland,2015,94.29,0.9429
India,Cropland,2016,94.29,0.9429
India,Cropland,2017,94.29,0.9429
India,Cropland,2018,94.29,0.9429
India,Cropland,2019,94.29,0.9429
India,Cropland,1961,54.15,0.5415
India,Cropland,1962,54.62,0.5462
India,Cropland,1963,54.5,0.545
India,Cropland,1964,54.53,0.5453
India,Cropland,1965,54.63,0.5463
India,Cropland,1966,54.73,0.5473
India,Cropland,1967,55.09,0.5509
India,Cropland,1968,55.35,0.5535
India,Cropland,1969,55.32,0.5532
India,Cropland,1970,55.52,0.5552
India,Cropland,1971,55.35,0.5535
India,Cropland,1972,55.49,0.5549
India,Cropland,1973,55.85,0.5585
India,Cropland,1974,56,0.56
India,Cropland,1975,56.11,0.5611
India,Cropland,1976,56.19,0.5619
India,Cropland,1977,56.19,0.5619
India,Cropland,1978,56.59,0.5659
India,Cropland,1979,56.65,0.5665
India,Cropland,1980,56.56,0.5656
India,Cropland,1981,56.64,0.5664
India,Cropland,1982,56.76,0.5676
India,Cropland,1983,56.68,0.5668
India,Cropland,1984,56.98,0.5698
India,Cropland,1985,56.96,0.5696
India,Cropland,1986,56.98,0.5698
India,Cropland,1987,57.08,0.5708
India,Cropland,1988,56.97,0.5697
India,Cropland,1989,57.17,0.5717
India,Cropland,1990,57.21,0.5721
India,Cropland,1991,57.24,0.5724
India,Cropland,1992,57.18,0.5718
India,Cropland,1993,57.27,0.5727
India,Cropland,1994,57.29,0.5729
India,Cropland,1995,57.15,0.5715
India,Cropland,1996,57.02,0.5702
India,Cropland,1997,57.21,0.5721
India,Cropland,1998,57.19,0.5719
India,Cropland,1999,57.22,0.5722
India,Cropland,2000,57.22,0.5722
India,Cropland,2001,57.12,0.5712
India,Cropland,2002,57.19,0.5719
India,Cropland,2003,57.11,0.5711
India,Cropland,2004,57.14,0.5714
India,Cropland,2005,57.07,0.5707
India,Cropland,2006,57,0.57
India,Cropland,2007,56.91,0.5691
India,Cropland,2008,56.97,0.5697
India,Cropland,2009,57.08,0.5708
India,Cropland,2010,56.92,0.5692
India,Cropland,2011,56.97,0.5697
India,Cropland,2012,56.96,0.5696
India,Cropland,2013,56.99,0.5699
India,Cropland,2014,57,0.57
India,Cropland,2015,56.98,0.5698
India,Cropland,2016,56.95,0.5695
India,Cropland,2017,56.95,0.5695
India,Cropland,2018,56.95,0.5695
India,Cropland,2019,56.95,0.5695
India,Forest land,1990,21.5,0.215
India,Forest land,1991,21.63,0.2163
India,Forest land,1992,21.75,0.2175
India,Forest land,1993,21.87,0.2187
India,Forest land,1994,22,0.22
India,Forest land,1995,22.12,0.2212
India,Forest land,1996,22.24,0.2224
India,Forest land,1997,22.36,0.2236
India,Forest land,1998,22.49,0.2249
India,Forest land,1999,22.61,0.2261
India,Forest land,2000,22.73,0.2273
India,Forest land,2001,22.8,0.228
India,Forest land,2002,22.86,0.2286
India,Forest land,2003,22.93,0.2293
India,Forest land,2004,22.99,0.2299
India,Forest land,2005,23.05,0.2305
India,Forest land,2006,23.12,0.2312
India,Forest land,2007,23.18,0.2318
India,Forest land,2008,23.25,0.2325
India,Forest land,2009,23.31,0.2331
India,Forest land,2010,23.37,0.2337
India,Forest land,2011,23.46,0.2346
India,Forest land,2012,23.55,0.2355
India,Forest land,2013,23.64,0.2364
India,Forest land,2014,23.73,0.2373
India,Forest land,2015,23.82,0.2382
India,Forest land,2016,23.91,0.2391
India,Forest land,2017,24,0.24
India,Forest land,2018,24.09,0.2409
India,Forest land,2019,24.18,0.2418
India,Planted Forest,1990,8.94,0.0894
India,Planted Forest,1991,9.46,0.0946
India,Planted Forest,1992,9.97,0.0997
India,Planted Forest,1993,10.47,0.1047
India,Planted Forest,1994,10.97,0.1097
India,Planted Forest,1995,11.47,0.1147
India,Planted Forest,1996,11.96,0.1196
India,Planted Forest,1997,12.44,0.1244
India,Planted Forest,1998,12.92,0.1292
India,Planted Forest,1999,13.39,0.1339
India,Planted Forest,2000,13.86,0.1386
India,Planted Forest,2001,14.32,0.1432
India,Planted Forest,2002,14.79,0.1479
India,Planted Forest,2003,15.24,0.1524
India,Planted Forest,2004,15.7,0.157
India,Planted Forest,2005,16.16,0.1616
India,Planted Forest,2006,16.61,0.1661
India,Planted Forest,2007,17.06,0.1706
India,Planted Forest,2008,17.5,0.175
India,Planted Forest,2009,17.95,0.1795
India,Planted Forest,2010,18.39,0.1839
India,Planted Forest,2011,18.39,0.1839
India,Planted Forest,2012,18.39,0.1839
India,Planted Forest,2013,18.39,0.1839
India,Planted Forest,2014,18.39,0.1839
India,Planted Forest,2015,18.39,0.1839
India,Planted Forest,2016,18.39,0.1839
India,Planted Forest,2017,18.39,0.1839
India,Planted Forest,2018,18.39,0.1839
India,Planted Forest,2019,18.39,0.1839
India,Naturally regenerating forest,1990,91.06,0.9106
India,Naturally regenerating forest,1991,90.54,0.9054
India,Naturally regenerating forest,1992,90.03,0.9003
India,Naturally regenerating forest,1993,89.53,0.8953
India,Naturally regenerating forest,1994,89.03,0.8903
India,Naturally regenerating forest,1995,88.53,0.8853
India,Naturally regenerating forest,1996,88.04,0.8804
India,Naturally regenerating forest,1997,87.56,0.8756
India,Naturally regenerating forest,1998,87.08,0.8708
India,Naturally regenerating forest,1999,86.61,0.8661
India,Naturally regenerating forest,2000,86.14,0.8614
India,Naturally regenerating forest,2001,85.68,0.8568
India,Naturally regenerating forest,2002,85.21,0.8521
India,Naturally regenerating forest,2003,84.76,0.8476
India,Naturally regenerating forest,2004,84.3,0.843
India,Naturally regenerating forest,2005,83.84,0.8384
India,Naturally regenerating forest,2006,83.39,0.8339
India,Naturally regenerating forest,2007,82.94,0.8294
India,Naturally regenerating forest,2008,82.5,0.825
India,Naturally regenerating forest,2009,82.05,0.8205
India,Naturally regenerating forest,2010,81.61,0.8161
India,Naturally regenerating forest,2011,81.61,0.8161
India,Naturally regenerating forest,2012,81.61,0.8161
India,Naturally regenerating forest,2013,81.61,0.8161
India,Naturally regenerating forest,2014,81.61,0.8161
India,Naturally regenerating forest,2015,81.61,0.8161
India,Naturally regenerating forest,2016,81.61,0.8161
India,Naturally regenerating forest,2017,81.61,0.8161
India,Naturally regenerating forest,2018,81.61,0.8161
India,Naturally regenerating forest,2019,81.61,0.8161
USA,Agricultural land,1961,48.86,0.4886
USA,Agricultural land,1962,48.48,0.4848
USA,Agricultural land,1963,48.2,0.482
USA,Agricultural land,1964,47.93,0.4793
USA,Agricultural land,1965,47.59,0.4759
USA,Agricultural land,1966,47.55,0.4755
USA,Agricultural land,1967,47.53,0.4753
USA,Agricultural land,1968,47.58,0.4758
USA,Agricultural land,1969,47.54,0.4754
USA,Agricultural land,1970,47.43,0.4743
USA,Agricultural land,1971,47.31,0.4731
USA,Agricultural land,1972,47.2,0.472
USA,Agricultural land,1973,47.08,0.4708
USA,Agricultural land,1974,46.97,0.4697
USA,Agricultural land,1975,46.97,0.4697
USA,Agricultural land,1976,46.97,0.4697
USA,Agricultural land,1977,46.98,0.4698
USA,Agricultural land,1978,46.75,0.4675
USA,Agricultural land,1979,46.75,0.4675
USA,Agricultural land,1980,46.75,0.4675
USA,Agricultural land,1981,46.75,0.4675
USA,Agricultural land,1982,47.1,0.471
USA,Agricultural land,1983,47.1,0.471
USA,Agricultural land,1984,47.1,0.471
USA,Agricultural land,1985,47.1,0.471
USA,Agricultural land,1986,47.1,0.471
USA,Agricultural land,1987,46.62,0.4662
USA,Agricultural land,1988,46.62,0.4662
USA,Agricultural land,1989,46.62,0.4662
USA,Agricultural land,1990,46.62,0.4662
USA,Agricultural land,1991,46.62,0.4662
USA,Agricultural land,1992,46.45,0.4645
USA,Agricultural land,1993,46.18,0.4618
USA,Agricultural land,1994,45.98,0.4598
USA,Agricultural land,1995,45.87,0.4587
USA,Agricultural land,1996,45.45,0.4545
USA,Agricultural land,1997,45.3,0.453
USA,Agricultural land,1998,45.27,0.4527
USA,Agricultural land,1999,45.19,0.4519
USA,Agricultural land,2000,45.23,0.4523
USA,Agricultural land,2001,45.29,0.4529
USA,Agricultural land,2002,45.08,0.4508
USA,Agricultural land,2003,45.08,0.4508
USA,Agricultural land,2004,45.08,0.4508
USA,Agricultural land,2005,45.07,0.4507
USA,Agricultural land,2006,45.07,0.4507
USA,Agricultural land,2007,45.06,0.4506
USA,Agricultural land,2008,44.92,0.4492
USA,Agricultural land,2009,44.71,0.4471
USA,Agricultural land,2010,44.49,0.4449
USA,Agricultural land,2011,44.28,0.4428
USA,Agricultural land,2012,44.06,0.4406
USA,Agricultural land,2013,44.12,0.4412
USA,Agricultural land,2014,44.18,0.4418
USA,Agricultural land,2015,44.24,0.4424
USA,Agricultural land,2016,44.3,0.443
USA,Agricultural land,2017,44.36,0.4436
USA,Agricultural land,2018,44.36,0.4436
USA,Agricultural land,2019,44.36,0.4436
USA,Arable land,1961,40.36,0.4036
USA,Arable land,1962,39.89,0.3989
USA,Arable land,1963,40.68,0.4068
USA,Arable land,1964,40.54,0.4054
USA,Arable land,1965,40.61,0.4061
USA,Arable land,1966,40.34,0.4034
USA,Arable land,1967,40.08,0.4008
USA,Arable land,1968,41.53,0.4153
USA,Arable land,1969,43.46,0.4346
USA,Arable land,1970,43.45,0.4345
USA,Arable land,1971,43.42,0.4342
USA,Arable land,1972,43.38,0.4338
USA,Arable land,1973,43.38,0.4338
USA,Arable land,1974,43.35,0.4335
USA,Arable land,1975,43.35,0.4335
USA,Arable land,1976,43.35,0.4335
USA,Arable land,1977,43.35,0.4335
USA,Arable land,1978,44.08,0.4408
USA,Arable land,1979,44.08,0.4408
USA,Arable land,1980,44.08,0.4408
USA,Arable land,1981,44.08,0.4408
USA,Arable land,1982,43.52,0.4352
USA,Arable land,1983,43.52,0.4352
USA,Arable land,1984,43.52,0.4352
USA,Arable land,1985,43.52,0.4352
USA,Arable land,1986,43.52,0.4352
USA,Arable land,1987,43.5,0.435
USA,Arable land,1988,43.5,0.435
USA,Arable land,1989,43.5,0.435
USA,Arable land,1990,43.49,0.4349
USA,Arable land,1991,43.49,0.4349
USA,Arable land,1992,43.27,0.4327
USA,Arable land,1993,43.21,0.4321
USA,Arable land,1994,43.2,0.432
USA,Arable land,1995,43.28,0.4328
USA,Arable land,1996,43,0.43
USA,Arable land,1997,42.81,0.4281
USA,Arable land,1998,42.64,0.4264
USA,Arable land,1999,42.37,0.4237
USA,Arable land,2000,42.32,0.4232
USA,Arable land,2001,42.27,0.4227
USA,Arable land,2002,41.88,0.4188
USA,Arable land,2003,41.34,0.4134
USA,Arable land,2004,40.8,0.408
USA,Arable land,2005,40.27,0.4027
USA,Arable land,2006,39.73,0.3973
USA,Arable land,2007,39.19,0.3919
USA,Arable land,2008,39.04,0.3904
USA,Arable land,2009,38.9,0.389
USA,Arable land,2010,38.75,0.3875
USA,Arable land,2011,38.6,0.386
USA,Arable land,2012,38.46,0.3846
USA,Arable land,2013,38.54,0.3854
USA,Arable land,2014,38.62,0.3862
USA,Arable land,2015,38.7,0.387
USA,Arable land,2016,38.79,0.3879
USA,Arable land,2017,38.87,0.3887
USA,Arable land,2018,38.87,0.3887
USA,Arable land,2019,38.87,0.3887
USA,Cropland,1961,40.78,0.4078
USA,Cropland,1962,40.31,0.4031
USA,Cropland,1963,41.1,0.411
USA,Cropland,1964,40.96,0.4096
USA,Cropland,1965,41.04,0.4104
USA,Cropland,1966,40.76,0.4076
USA,Cropland,1967,40.5,0.405
USA,Cropland,1968,41.95,0.4195
USA,Cropland,1969,43.87,0.4387
USA,Cropland,1970,43.85,0.4385
USA,Cropland,1971,43.83,0.4383
USA,Cropland,1972,43.79,0.4379
USA,Cropland,1973,43.78,0.4378
USA,Cropland,1974,43.76,0.4376
USA,Cropland,1975,43.76,0.4376
USA,Cropland,1976,43.76,0.4376
USA,Cropland,1977,43.76,0.4376
USA,Cropland,1978,44.52,0.4452
USA,Cropland,1979,44.52,0.4452
USA,Cropland,1980,44.52,0.4452
USA,Cropland,1981,44.52,0.4452
USA,Cropland,1982,44,0.44
USA,Cropland,1983,44,0.44
USA,Cropland,1984,44,0.44
USA,Cropland,1985,44,0.44
USA,Cropland,1986,44,0.44
USA,Cropland,1987,43.98,0.4398
USA,Cropland,1988,43.98,0.4398
USA,Cropland,1989,43.98,0.4398
USA,Cropland,1990,43.98,0.4398
USA,Cropland,1991,43.98,0.4398
USA,Cropland,1992,43.76,0.4376
USA,Cropland,1993,43.73,0.4373
USA,Cropland,1994,43.72,0.4372
USA,Cropland,1995,43.83,0.4383
USA,Cropland,1996,43.55,0.4355
USA,Cropland,1997,43.41,0.4341
USA,Cropland,1998,43.24,0.4324
USA,Cropland,1999,43.02,0.4302
USA,Cropland,2000,42.97,0.4297
USA,Cropland,2001,42.92,0.4292
USA,Cropland,2002,42.54,0.4254
USA,Cropland,2003,42,0.42
USA,Cropland,2004,41.46,0.4146
USA,Cropland,2005,40.92,0.4092
USA,Cropland,2006,40.38,0.4038
USA,Cropland,2007,39.84,0.3984
USA,Cropland,2008,39.7,0.397
USA,Cropland,2009,39.56,0.3956
USA,Cropland,2010,39.42,0.3942
USA,Cropland,2011,39.27,0.3927
USA,Cropland,2012,39.13,0.3913
USA,Cropland,2013,39.21,0.3921
USA,Cropland,2014,39.29,0.3929
USA,Cropland,2015,39.37,0.3937
USA,Cropland,2016,39.45,0.3945
USA,Cropland,2017,39.53,0.3953
USA,Cropland,2018,39.53,0.3953
USA,Cropland,2019,39.53,0.3953
USA,Cropland,1961,19.93,0.1993
USA,Cropland,1962,19.54,0.1954
USA,Cropland,1963,19.81,0.1981
USA,Cropland,1964,19.64,0.1964
USA,Cropland,1965,19.53,0.1953
USA,Cropland,1966,19.39,0.1939
USA,Cropland,1967,19.25,0.1925
USA,Cropland,1968,19.96,0.1996
USA,Cropland,1969,20.86,0.2086
USA,Cropland,1970,20.8,0.208
USA,Cropland,1971,20.73,0.2073
USA,Cropland,1972,20.67,0.2067
USA,Cropland,1973,20.61,0.2061
USA,Cropland,1974,20.55,0.2055
USA,Cropland,1975,20.55,0.2055
USA,Cropland,1976,20.55,0.2055
USA,Cropland,1977,20.56,0.2056
USA,Cropland,1978,20.81,0.2081
USA,Cropland,1979,20.81,0.2081
USA,Cropland,1980,20.81,0.2081
USA,Cropland,1981,20.81,0.2081
USA,Cropland,1982,20.72,0.2072
USA,Cropland,1983,20.72,0.2072
USA,Cropland,1984,20.72,0.2072
USA,Cropland,1985,20.72,0.2072
USA,Cropland,1986,20.72,0.2072
USA,Cropland,1987,20.5,0.205
USA,Cropland,1988,20.5,0.205
USA,Cropland,1989,20.5,0.205
USA,Cropland,1990,20.5,0.205
USA,Cropland,1991,20.5,0.205
USA,Cropland,1992,20.33,0.2033
USA,Cropland,1993,20.19,0.2019
USA,Cropland,1994,20.1,0.201
USA,Cropland,1995,20.1,0.201
USA,Cropland,1996,19.8,0.198
USA,Cropland,1997,19.66,0.1966
USA,Cropland,1998,19.57,0.1957
USA,Cropland,1999,19.44,0.1944
USA,Cropland,2000,19.44,0.1944
USA,Cropland,2001,19.44,0.1944
USA,Cropland,2002,19.18,0.1918
USA,Cropland,2003,18.93,0.1893
USA,Cropland,2004,18.69,0.1869
USA,Cropland,2005,18.44,0.1844
USA,Cropland,2006,18.2,0.182
USA,Cropland,2007,17.95,0.1795
USA,Cropland,2008,17.83,0.1783
USA,Cropland,2009,17.68,0.1768
USA,Cropland,2010,17.54,0.1754
USA,Cropland,2011,17.39,0.1739
USA,Cropland,2012,17.24,0.1724
USA,Cropland,2013,17.3,0.173
USA,Cropland,2014,17.36,0.1736
USA,Cropland,2015,17.42,0.1742
USA,Cropland,2016,17.48,0.1748
USA,Cropland,2017,17.54,0.1754
USA,Cropland,2018,17.54,0.1754
USA,Cropland,2019,17.54,0.1754
USA,Forest land,1990,33.02,0.3302
USA,Forest land,1991,33.03,0.3303
USA,Forest land,1992,33.05,0.3305
USA,Forest land,1993,33.06,0.3306
USA,Forest land,1994,33.07,0.3307
USA,Forest land,1995,33.08,0.3308
USA,Forest land,1996,33.09,0.3309
USA,Forest land,1997,33.11,0.3311
USA,Forest land,1998,33.12,0.3312
USA,Forest land,1999,33.13,0.3313
USA,Forest land,2000,33.13,0.3313
USA,Forest land,2001,33.19,0.3319
USA,Forest land,2002,33.24,0.3324
USA,Forest land,2003,33.3,0.333
USA,Forest land,2004,33.36,0.3336
USA,Forest land,2005,33.41,0.3341
USA,Forest land,2006,33.47,0.3347
USA,Forest land,2007,33.53,0.3353
USA,Forest land,2008,33.64,0.3364
USA,Forest land,2009,33.69,0.3369
USA,Forest land,2010,33.75,0.3375
USA,Forest land,2011,33.78,0.3378
USA,Forest land,2012,33.81,0.3381
USA,Forest land,2013,33.84,0.3384
USA,Forest land,2014,33.87,0.3387
USA,Forest land,2015,33.9,0.339
USA,Forest land,2016,33.9,0.339
USA,Forest land,2017,33.87,0.3387
USA,Forest land,2018,33.87,0.3387
USA,Forest land,2019,33.87,0.3387
USA,Planted Forest,1990,5.93,0.0593
USA,Planted Forest,1991,6.08,0.0608
USA,Planted Forest,1992,6.23,0.0623
USA,Planted Forest,1993,6.38,0.0638
USA,Planted Forest,1994,6.53,0.0653
USA,Planted Forest,1995,6.68,0.0668
USA,Planted Forest,1996,6.83,0.0683
USA,Planted Forest,1997,6.98,0.0698
USA,Planted Forest,1998,7.13,0.0713
USA,Planted Forest,1999,7.28,0.0728
USA,Planted Forest,2000,7.43,0.0743
USA,Planted Forest,2001,7.52,0.0752
USA,Planted Forest,2002,7.6,0.076
USA,Planted Forest,2003,7.69,0.0769
USA,Planted Forest,2004,7.78,0.0778
USA,Planted Forest,2005,7.86,0.0786
USA,Planted Forest,2006,7.94,0.0794
USA,Planted Forest,2007,8.03,0.0803
USA,Planted Forest,2008,8.11,0.0811
USA,Planted Forest,2009,8.2,0.082
USA,Planted Forest,2010,8.28,0.0828
USA,Planted Forest,2011,8.33,0.0833
USA,Planted Forest,2012,8.37,0.0837
USA,Planted Forest,2013,8.41,0.0841
USA,Planted Forest,2014,8.46,0.0846
USA,Planted Forest,2015,8.5,0.085
USA,Planted Forest,2016,8.5,0.085
USA,Planted Forest,2017,8.88,0.0888
USA,Planted Forest,2018,8.88,0.0888
USA,Planted Forest,2019,8.88,0.0888
USA,Naturally regenerating forest,1990,94.07,0.9407
USA,Naturally regenerating forest,1991,93.92,0.9392
USA,Naturally regenerating forest,1992,93.77,0.9377
USA,Naturally regenerating forest,1993,93.62,0.9362
USA,Naturally regenerating forest,1994,93.47,0.9347
USA,Naturally regenerating forest,1995,93.32,0.9332
USA,Naturally regenerating forest,1996,93.17,0.9317
USA,Naturally regenerating forest,1997,93.02,0.9302
USA,Naturally regenerating forest,1998,92.87,0.9287
USA,Naturally regenerating forest,1999,92.72,0.9272
USA,Naturally regenerating forest,2000,92.57,0.9257
USA,Naturally regenerating forest,2001,92.48,0.9248
USA,Naturally regenerating forest,2002,92.4,0.924
USA,Naturally regenerating forest,2003,92.31,0.9231
USA,Naturally regenerating forest,2004,92.22,0.9222
USA,Naturally regenerating forest,2005,92.14,0.9214
USA,Naturally regenerating forest,2006,92.06,0.9206
USA,Naturally regenerating forest,2007,91.97,0.9197
USA,Naturally regenerating forest,2008,91.89,0.9189
USA,Naturally regenerating forest,2009,91.8,0.918
USA,Naturally regenerating forest,2010,91.72,0.9172
USA,Naturally regenerating forest,2011,91.67,0.9167
USA,Naturally regenerating forest,2012,91.63,0.9163
USA,Naturally regenerating forest,2013,91.59,0.9159
USA,Naturally regenerating forest,2014,91.54,0.9154
USA,Naturally regenerating forest,2015,91.5,0.915
USA,Naturally regenerating forest,2016,91.5,0.915
USA,Naturally regenerating forest,2017,91.12,0.9112
USA,Naturally regenerating forest,2018,91.12,0.9112
USA,Naturally regenerating forest,2019,91.12,0.9112
